{"train_loss": [3.0470237522794488, 2.325323876581694, 1.6750211088280929, 1.23800951451586, 0.9507968373465956, 0.7632325009295815, 0.750422806070562, 0.7426437034941556, 0.7257544471506487, 0.6924813729629182, 0.6975126313535791, 0.687414813982813, 0.6808710197607676, 0.6921811119506234, 0.687245236677036, 0.686481340412508, 0.6690178032506976, 0.6797399541787934, 0.6727353763162044, 0.6803064471796939], "val_acc": [0.3230769230769231, 0.4307692307692308, 0.43846153846153846, 0.47435897435897434, 0.46923076923076923, 0.5051282051282051, 0.49743589743589745, 0.4564102564102564, 0.46923076923076923, 0.48717948717948717, 0.47692307692307695, 0.4717948717948718, 0.49230769230769234, 0.4794871794871795, 0.4717948717948718, 0.47692307692307695, 0.4666666666666667, 0.47435897435897434, 0.48205128205128206, 0.4846153846153846]}