{"train_loss": [2.627828685860885, 1.608090733226977, 1.1158038022225363, 0.8197269335127714, 0.6133317168344531, 0.46045026758260893, 0.41648324931922714, 0.41245296074633014, 0.39746139734460595, 0.37316874114044923, 0.36272973083613214, 0.3622575276776364, 0.3664224424905944, 0.3654401362465139, 0.3703875455417131, 0.365362882091288, 0.3667447140865159, 0.36974919522017763, 0.364837751576775, 0.36334423642409475], "val_acc": [0.4897435897435897, 0.4948717948717949, 0.4897435897435897, 0.5025641025641026, 0.5076923076923077, 0.5205128205128206, 0.5128205128205128, 0.5102564102564102, 0.5128205128205128, 0.5128205128205128, 0.5128205128205128, 0.517948717948718, 0.5102564102564102, 0.5102564102564102, 0.5102564102564102, 0.5102564102564102, 0.5128205128205128, 0.5128205128205128, 0.5102564102564102, 0.5051282051282051]}