{"train_loss": [2.2921742096281887, 1.0328434527966015, 0.5757433928941426, 0.38450960579671356, 0.27092802622600604, 0.17137663027173594, 0.1319320993334578, 0.07876991647246637, 0.06394874614973863, 0.05709277122820679, 0.050065230741574054, 0.047184021636974396, 0.0397627909520739, 0.04279598134586163, 0.03744455731653592, 0.037345449979368006, 0.03419778228067515, 0.0336211291141808, 0.035612215026559535, 0.03891503188366953], "val_acc": [0.45384615384615384, 0.4461538461538462, 0.41794871794871796, 0.4358974358974359, 0.4666666666666667, 0.4205128205128205, 0.45384615384615384, 0.4666666666666667, 0.47435897435897434, 0.48717948717948717, 0.4948717948717949, 0.4846153846153846, 0.4846153846153846, 0.47435897435897434, 0.4897435897435897, 0.47692307692307695, 0.4897435897435897, 0.4948717948717949, 0.4794871794871795, 0.48717948717948717]}