{"train_loss": [2.415766249623215, 1.3038067629462795, 0.9083552360534668, 0.6535835642563669, 0.4285347929649186, 0.23621097605740815, 0.19590264679700659, 0.17395777104977975, 0.15640298803255223, 0.15356606525254615, 0.12730365472012445, 0.12986181084916257, 0.1360057121012033, 0.1145729535022391, 0.13506782153752028, 0.1273118393708086, 0.12766805117982521, 0.11620368223571986, 0.12409467367749465, 0.14054512114084342], "val_acc": [0.3076923076923077, 0.4205128205128205, 0.40512820512820513, 0.4205128205128205, 0.43846153846153846, 0.4461538461538462, 0.45384615384615384, 0.4282051282051282, 0.4564102564102564, 0.4512820512820513, 0.4512820512820513, 0.4512820512820513, 0.45384615384615384, 0.45384615384615384, 0.45384615384615384, 0.45384615384615384, 0.45384615384615384, 0.45384615384615384, 0.45384615384615384, 0.45384615384615384]}